<metadata xml:lang="en"><Esri><CreaDate>20140203</CreaDate><CreaTime>11215800</CreaTime><SyncOnce>FALSE</SyncOnce><SyncDate>20211112</SyncDate><SyncTime>17301200</SyncTime><ModDate>20211112</ModDate><ModTime>17301200</ModTime><Sync>FALSE</Sync><DataProperties><itemProps><itemLocation><linkage Sync="TRUE">file://\\pop-samba.pop.umn.edu\ipums\ipumsi\geography\gis\GIS_lev2\Level2_yearSpecific\pakistan\geo2_pk1998.shp</linkage><protocol Sync="TRUE">Local Area Network</protocol></itemLocation><itemName Sync="TRUE">geo2_pk1998</itemName><imsContentType Sync="TRUE" export="False">002</imsContentType><itemSize Sync="TRUE">1.145</itemSize><nativeExtBox><westBL Sync="TRUE">60.872972</westBL><eastBL Sync="TRUE">77.823170</eastBL><southBL Sync="TRUE">23.693722</southBL><northBL Sync="TRUE">37.084107</northBL><exTypeCode Sync="TRUE">1</exTypeCode></nativeExtBox></itemProps><coordRef><type Sync="TRUE">Geographic</type><geogcsn Sync="TRUE">GCS_WGS_1984</geogcsn><peXml Sync="TRUE">&lt;GeographicCoordinateSystem xsi:type='typens:GeographicCoordinateSystem' xmlns:xsi='http://www.w3.org/2001/XMLSchema-instance' xmlns:xs='http://www.w3.org/2001/XMLSchema' xmlns:typens='http://www.esri.com/schemas/ArcGIS/10.8'&gt;&lt;WKT&gt;GEOGCS[&amp;quot;GCS_WGS_1984&amp;quot;,DATUM[&amp;quot;D_WGS_1984&amp;quot;,SPHEROID[&amp;quot;WGS_1984&amp;quot;,6378137.0,298.257223563]],PRIMEM[&amp;quot;Greenwich&amp;quot;,0.0],UNIT[&amp;quot;Degree&amp;quot;,0.0174532925199433],AUTHORITY[&amp;quot;EPSG&amp;quot;,4326]]&lt;/WKT&gt;&lt;XOrigin&gt;-400&lt;/XOrigin&gt;&lt;YOrigin&gt;-400&lt;/YOrigin&gt;&lt;XYScale&gt;11258999068426.238&lt;/XYScale&gt;&lt;ZOrigin&gt;-100000&lt;/ZOrigin&gt;&lt;ZScale&gt;10000&lt;/ZScale&gt;&lt;MOrigin&gt;-100000&lt;/MOrigin&gt;&lt;MScale&gt;10000&lt;/MScale&gt;&lt;XYTolerance&gt;8.983152841195215e-09&lt;/XYTolerance&gt;&lt;ZTolerance&gt;0.001&lt;/ZTolerance&gt;&lt;MTolerance&gt;0.001&lt;/MTolerance&gt;&lt;HighPrecision&gt;true&lt;/HighPrecision&gt;&lt;LeftLongitude&gt;-180&lt;/LeftLongitude&gt;&lt;WKID&gt;4326&lt;/WKID&gt;&lt;LatestWKID&gt;4326&lt;/LatestWKID&gt;&lt;/GeographicCoordinateSystem&gt;</peXml><csUnits Sync="TRUE">Angular Unit: Degree (0.017453)</csUnits></coordRef><copyHistory><copy date="20140203" dest="\\thalia.socsci.umn.edu\ipums\ipumsi\projects\gis\first_level_boundaries\metadata_fun\IPUMSI_ESRItemplateCopy" source="Z:\ipumsi\projects\gis\first_level_boundaries\metadata_fun\archive\IPUMSI_ESRItemplateCopy" time="11222700"/></copyHistory></DataProperties><ArcGISFormat>1.0</ArcGISFormat><ArcGISstyle>North American Profile of ISO19115 2003</ArcGISstyle><scaleRange><minScale>150000000</minScale><maxScale>5000</maxScale></scaleRange><ArcGISProfile>FGDC</ArcGISProfile></Esri><spdoinfo><direct Sync="TRUE">Vector</direct><ptvctinf><esriterm Name="geo2_pk1998"><efeatyp Sync="TRUE">Simple</efeatyp><efeageom code="4" Sync="TRUE"></efeageom><esritopo Sync="TRUE">FALSE</esritopo><efeacnt Sync="TRUE">30</efeacnt><spindex Sync="TRUE">FALSE</spindex><linrefer Sync="TRUE">FALSE</linrefer></esriterm></ptvctinf></spdoinfo><eainfo><detailed Name="geo2_pk1998"><enttyp><enttypl Sync="TRUE">geo2_pk1998</enttypl><enttypt Sync="TRUE">Feature Class</enttypt><enttypc Sync="TRUE">30</enttypc><enttypd>The polygons represent the boundaries for Administrative Division of Pakistan.</enttypd></enttyp><attr><attrlabl Sync="TRUE">FID</attrlabl><attalias Sync="TRUE">FID</attalias><attrtype Sync="TRUE">OID</attrtype><attwidth Sync="TRUE">4</attwidth><atprecis Sync="TRUE">0</atprecis><attscale Sync="TRUE">0</attscale><attrdef Sync="TRUE">Internal feature number.</attrdef><attrdefs Sync="TRUE">Esri</attrdefs><attrdomv><udom Sync="TRUE">Sequential unique whole numbers that are automatically generated.</udom></attrdomv></attr><attr><attrlabl Sync="TRUE">Shape</attrlabl><attalias Sync="TRUE">Shape</attalias><attrtype Sync="TRUE">Geometry</attrtype><attwidth Sync="TRUE">0</attwidth><atprecis Sync="TRUE">0</atprecis><attscale Sync="TRUE">0</attscale><attrdef Sync="TRUE">Feature geometry.</attrdef><attrdefs Sync="TRUE">Esri</attrdefs><attrdomv><udom Sync="TRUE">Coordinates defining the features.</udom></attrdomv></attr><attr><attrlabl Sync="TRUE">CNTRY_NAME</attrlabl><attalias Sync="TRUE">CNTRY_NAME</attalias><attrtype Sync="TRUE">String</attrtype><attwidth Sync="TRUE">50</attwidth><atprecis Sync="TRUE">0</atprecis><attscale Sync="TRUE">0</attscale></attr><attr><attrlabl Sync="TRUE">ADMIN_NAME</attrlabl><attalias Sync="TRUE">ADMIN_NAME</attalias><attrtype Sync="TRUE">String</attrtype><attwidth Sync="TRUE">250</attwidth><atprecis Sync="TRUE">0</atprecis><attscale Sync="TRUE">0</attscale></attr><attr><attrlabl Sync="TRUE">CNTRY_CODE</attrlabl><attalias Sync="TRUE">CNTRY_CODE</attalias><attrtype Sync="TRUE">String</attrtype><attwidth Sync="TRUE">4</attwidth><atprecis Sync="TRUE">0</atprecis><attscale Sync="TRUE">0</attscale></attr><attr><attrlabl Sync="TRUE">IPUM1998</attrlabl><attalias Sync="TRUE">IPUM1998</attalias><attrtype Sync="TRUE">String</attrtype><attwidth Sync="TRUE">10</attwidth><atprecis Sync="TRUE">0</atprecis><attscale Sync="TRUE">0</attscale></attr><attr><attrlabl Sync="TRUE">DIVI1998</attrlabl><attalias Sync="TRUE">DIVI1998</attalias><attrtype Sync="TRUE">String</attrtype><attwidth Sync="TRUE">10</attwidth><atprecis Sync="TRUE">0</atprecis><attscale Sync="TRUE">0</attscale></attr><attr><attrlabl Sync="TRUE">PARENT</attrlabl><attalias Sync="TRUE">PARENT</attalias><attrtype Sync="TRUE">String</attrtype><attwidth Sync="TRUE">10</attwidth><atprecis Sync="TRUE">0</atprecis><attscale Sync="TRUE">0</attscale></attr></detailed></eainfo><mdDateSt Sync="TRUE">20211112</mdDateSt><dataIdInfo><envirDesc Sync="TRUE"> Version 6.2 (Build 9200) ; Esri ArcGIS 10.8.0.12790</envirDesc><dataLang><languageCode Sync="TRUE" country="USA" value="eng"/><countryCode Sync="TRUE" value="USA"/></dataLang><idCitation><resTitle Sync="TRUE">geo2_pk1998</resTitle><resRefDate><refDate>20040307</refDate><refDateType><DateTypCd value="001"/></refDateType></resRefDate><citRespParty><rpIndName>IPUMS International</rpIndName><rpOrgName>Minnesota Population Center</rpOrgName><role><RoleCd value="007"/></role><rpCntInfo><cntAddress addressType=""><delPoint>Minnesota Population Center, 50 Willey Hall, 225 - 19th Avenue South</delPoint><city>Minneapolis</city><adminArea>Minnesota</adminArea><postCode>55455</postCode><eMailAdd>ipums@umn.edu</eMailAdd><country>United States</country></cntAddress><cntPhone><voiceNum tddtty="">612-624-5818</voiceNum><faxNum>612-626-8375</faxNum></cntPhone><cntOnlineRes><linkage>https://international.ipums.org/international/gis.shtml</linkage><orFunct><OnFunctCd value="001"/></orFunct></cntOnlineRes></rpCntInfo></citRespParty><resRefDate><refDate>20061001</refDate><refDateType><DateTypCd value="002"/></refDateType></resRefDate><presForm><PresFormCd value="005"/></presForm><otherCitDet>Citation: Minnesota Population Center. Integrated Public Use Microdata Series, International: Version 6.2 [Machine-readable database]. Minneapolis: University of Minnesota, 2013.</otherCitDet><date><createDate>2013-07-24T00:00:00</createDate><pubDate>2013-07-24T00:00:00</pubDate><reviseDate>2013-07-24T00:00:00</reviseDate></date></idCitation><spatRpType><SpatRepTypCd Sync="TRUE" value="001"/></spatRpType><geoBox esriExtentType="decdegrees"><westBL Sync="TRUE">-180</westBL><eastBL Sync="TRUE">180</eastBL><northBL Sync="TRUE">83.6236</northBL><southBL Sync="TRUE">-90</southBL><exTypeCode Sync="TRUE">1</exTypeCode></geoBox><idAbs>&lt;DIV STYLE="text-align:Left;"&gt;&lt;DIV&gt;&lt;DIV&gt;&lt;P&gt;&lt;SPAN&gt;Administrative Division (second level administrative units) of Pakistan. Where officially-defined Administrative Division have populations less than 20,000, they have been combined with neighboring Administrative Division to create units with populations greater than 20,000.&lt;/SPAN&gt;&lt;/P&gt;&lt;/DIV&gt;&lt;/DIV&gt;&lt;/DIV&gt;</idAbs><resConst><Consts><useLimit>&lt;DIV STYLE="text-align:Left;"&gt;&lt;DIV&gt;&lt;DIV&gt;&lt;P&gt;&lt;SPAN&gt;IPUMS International data are available free of charge, but their use imposes responsibilities upon the user. To access the data, a prospective user must submit an electronic authorization form identifying the user by name, electronic address, and institutional affiliation. All persons are granted a limited license to use and distribute this documentation and the available data, subject to the legal constraints listed below.IPUMS International boundary data are intended for use as visual representation and statistical analysis. The boundaries do not necessarily reflect exact political delineations.&lt;/SPAN&gt;&lt;/P&gt;&lt;/DIV&gt;&lt;/DIV&gt;&lt;/DIV&gt;</useLimit></Consts><LegConsts><useLimit>Authorization to use IPUMS International data constitutes a legal binding agreement between the applicant, the applicant's institution, the University of Minnesota, and the relevant official statistical authorities. Submitting false, misleading or fraudulent information constitutes a violation of this agreement. Misusing the data by violating any of the conditions detailed below also constitutes a violation of this agreement and may lead to professional censure, loss of employment, or civil prosecution under relevant national and international laws, and to sanctions against your institution, at the discretion of the University of Minnesota and the official statistical authorities.</useLimit><accessConsts><RestrictCd value="005"/></accessConsts><useConsts><RestrictCd value="005"/></useConsts><othConsts>USAGE LICENCE:
1. User agrees to receive occasional email messages.
2. Data must not be redistributed without authorization.
3. Data are intended only for scholarly research and educational purposes.
4. Commercial use and redistribution of the data is strictly prohibited.
5. Scholarly publications are permitted, and must be cited appropriately.
6. User agrees to notify ipums@umn.edu regarding possible errors in the map.</othConsts></LegConsts></resConst><resMaint><maintFreq><MaintFreqCd value="009"/></maintFreq><maintScp><ScopeCd value="001"/></maintScp><maintScp><ScopeCd value="009"/></maintScp></resMaint><idPurp>Administrative Division (second level administrative units) of Pakistan for 1998</idPurp><idCredit>Funding provided by National Science Foundation and National Institutes of Health.  Microdata including geographic codes provided by national statistical offices of the partner countries.  </idCredit><idStatus><ProgCd value="001"/></idStatus><dataExt><geoEle><GeoBndBox esriExtentType="search"><westBL Sync="TRUE">60.872972</westBL><eastBL Sync="TRUE">77.823170</eastBL><northBL Sync="TRUE">37.084107</northBL><southBL Sync="TRUE">23.693722</southBL><exTypeCode Sync="TRUE">1</exTypeCode></GeoBndBox></geoEle><exDesc>Geographic extent: Pakistan</exDesc></dataExt><themeKeys><thesaLang><languageCode value="eng"/></thesaLang><thesaName><resAltTitle>GCMD</resAltTitle><resEd>6.0.0.0.0</resEd></thesaName><keyword>Human Dimensions &gt; Boundaries &gt; Administrative Divisions</keyword></themeKeys><dataChar><CharSetCd value="004"/></dataChar><dataExt><tempEle><TempExtent><exTemp><TM_Period><tmBegin>2013-07-24T00:00:00</tmBegin><tmEnd>2013-07-24T00:00:00</tmEnd></TM_Period></exTemp></TempExtent></tempEle></dataExt><placeKeys><keyword>Pakistan</keyword></placeKeys><idPoC><rpIndName>IPUMS International</rpIndName><rpOrgName>Minnesota Population Center</rpOrgName><role><RoleCd value="007"/></role><rpCntInfo><cntAddress addressType=""><delPoint>Minnesota Population Center, 50 Willey Hall, 225 - 19th Avenue South</delPoint><city>Minneapolis</city><adminArea>Minnesota</adminArea><postCode>55455</postCode><eMailAdd>ipums@umn.edu</eMailAdd><country>United States</country></cntAddress><cntPhone><voiceNum tddtty="">612-624-5818</voiceNum><faxNum>612-626-8375</faxNum></cntPhone><cntOnlineRes><linkage>https://international.ipums.org/international/gis.shtml</linkage><orFunct><OnFunctCd value="001"/></orFunct></cntOnlineRes></rpCntInfo><displayName>Terra Populus</displayName></idPoC><tpCat><TopicCatCd value="003"/></tpCat></dataIdInfo><mdLang><languageCode Sync="TRUE" value="eng"/><countryCode Sync="TRUE" value="USA"/></mdLang><mdStanName Sync="TRUE">ISO 19115 Geographic Information - Metadata</mdStanName><mdStanVer Sync="TRUE">DIS_ESRI1.0</mdStanVer><mdChar><CharSetCd Sync="TRUE" value="004"/></mdChar><dqInfo><dqScope><scpLvl><ScopeCd value="005"/></scpLvl></dqScope><dataLineage><statement>Boundaries of officially defined Administrative Division were matched with LSIB (Large Scale International Boundaries). LSIB reflects U.S. government (USG) policy and has no known errors in boundary location of over 4 km. Original source boundaries were created from boundaries obtained from Population Census Organization and Administrative Division shapefiles from GADM database of Global Administrative Areas. Unit codes were adjusted as necessary to align with codes present in IPUMS-I microdata. Where officially-defined Administrative Division have populations less than 20,000, they have been combined with neighboring Administrative Division to create units with populations greater than 20,000.

Name of Regionalization algorithm used if any: None
</statement></dataLineage></dqInfo><mdFileID Sync="TRUE"/><mdMaint><maintFreq><MaintFreqCd value="009"/></maintFreq><maintScp><ScopeCd value="005"/></maintScp></mdMaint><mdHrLv><ScopeCd value="005"/></mdHrLv><mdHrLvName Sync="TRUE">dataset</mdHrLvName><refSysInfo><RefSystem dimension=""><refSysID><identCode code="4326"/><idCodeSpace Sync="TRUE">EPSG</idCodeSpace><idVersion Sync="TRUE">6.14(3.0.1)</idVersion></refSysID></RefSystem></refSysInfo><spatRepInfo><VectSpatRep><geometObjs Name="geo2_pk1998"><geoObjTyp><GeoObjTypCd value="002" Sync="TRUE"></GeoObjTypCd></geoObjTyp><geoObjCnt Sync="TRUE">30</geoObjCnt></geometObjs><topLvl><TopoLevCd value="001" Sync="TRUE"></TopoLevCd></topLvl></VectSpatRep></spatRepInfo><distInfo><distFormat><formatName Sync="TRUE">Shapefile</formatName></distFormat><distTranOps><transSize Sync="TRUE">1.145</transSize></distTranOps></distInfo><mdContact><rpIndName>IPUMS International</rpIndName><rpOrgName>Minnesota Population Center</rpOrgName><role><RoleCd value="007"/></role><rpCntInfo><cntAddress addressType=""><delPoint>Minnesota Population Center, 50 Willey Hall, 225 - 19th Avenue South</delPoint><city>Minneapolis</city><adminArea>Minnesota</adminArea><postCode>55455</postCode><eMailAdd>ipums@umn.edu</eMailAdd><country>United States</country></cntAddress><cntPhone><voiceNum tddtty="">612-624-5818</voiceNum><faxNum>612-626-8375</faxNum></cntPhone><cntOnlineRes><linkage>https://international.ipums.org/international/gis.shtml</linkage><orFunct><OnFunctCd value="001"/></orFunct></cntOnlineRes></rpCntInfo><displayName>Terra Populus</displayName></mdContact><mdConst><Consts><useLimit>Issues related to International boundaries, Administrative Division codes, or Administrative Division boundaries not in the data: Pakistan and India have a  boundary dispute in northeastern corner of Pakistan that is not included in Pakistan shapefile.</useLimit></Consts></mdConst></metadata>
