"OBJECTID","ID_0","ISO","NAME_0","ID_1","NAME_1","ID_2","NAME_2","ID_3","NAME_3","CCN_3","CCA_3","TYPE_3","ENGTYPE_3","NL_NAME_3","VARNAME_3"
1,171,"PAK","Pakistan",1,"Azad Kashmir",1,"Azad Kashmir",1,"Bagh",NA,"","District","District","",""
2,171,"PAK","Pakistan",1,"Azad Kashmir",1,"Azad Kashmir",2,"Bhimber",NA,"","District","District","",""
3,171,"PAK","Pakistan",1,"Azad Kashmir",1,"Azad Kashmir",3,"Kotli",NA,"","District","District","",""
4,171,"PAK","Pakistan",1,"Azad Kashmir",1,"Azad Kashmir",4,"Mirpur",NA,"","District","District","",""
5,171,"PAK","Pakistan",1,"Azad Kashmir",1,"Azad Kashmir",5,"Muzaffarabad",NA,"","District","District","",""
6,171,"PAK","Pakistan",1,"Azad Kashmir",1,"Azad Kashmir",6,"Neelum",NA,"","District","District","",""
7,171,"PAK","Pakistan",1,"Azad Kashmir",1,"Azad Kashmir",7,"Poonch",NA,"","District","District","",""
8,171,"PAK","Pakistan",1,"Azad Kashmir",1,"Azad Kashmir",8,"Sudhnati",NA,"","District","District","",""
9,171,"PAK","Pakistan",2,"Baluchistan",2,"Kalat",9,"Awaran",NA,"","District","District","",""
10,171,"PAK","Pakistan",2,"Baluchistan",2,"Kalat",10,"Disputed Area 1",NA,"","District","District","",""
11,171,"PAK","Pakistan",2,"Baluchistan",2,"Kalat",11,"Disputed Area 2",NA,"","District","District","",""
12,171,"PAK","Pakistan",2,"Baluchistan",2,"Kalat",12,"Kalat",NA,"","District","District","",""
13,171,"PAK","Pakistan",2,"Baluchistan",2,"Kalat",13,"Kharan",NA,"","District","District","",""
14,171,"PAK","Pakistan",2,"Baluchistan",2,"Kalat",14,"Khuzdar",NA,"","District","District","",""
15,171,"PAK","Pakistan",2,"Baluchistan",2,"Kalat",15,"Lasbela",NA,"","District","District","",""
16,171,"PAK","Pakistan",2,"Baluchistan",2,"Kalat",16,"Mastung",NA,"","District","District","","Mustung"
17,171,"PAK","Pakistan",2,"Baluchistan",3,"Makran",17,"Gwadar",NA,"","District","District","",""
18,171,"PAK","Pakistan",2,"Baluchistan",3,"Makran",18,"Kech",NA,"","District","District","",""
19,171,"PAK","Pakistan",2,"Baluchistan",3,"Makran",19,"Panjgur",NA,"","District","District","",""
20,171,"PAK","Pakistan",2,"Baluchistan",4,"Nasirabad",20,"Bolan",NA,"","District","District","",""
21,171,"PAK","Pakistan",2,"Baluchistan",4,"Nasirabad",21,"Jafarabad",NA,"","District","District","","Nasir Abad"
22,171,"PAK","Pakistan",2,"Baluchistan",4,"Nasirabad",22,"Jhal Magsi",NA,"","District","District","",""
23,171,"PAK","Pakistan",2,"Baluchistan",4,"Nasirabad",23,"Nasirabad",NA,"","District","District","","Nasir Abad"
24,171,"PAK","Pakistan",2,"Baluchistan",5,"Quetta",24,"Chagai",NA,"","District","District","",""
25,171,"PAK","Pakistan",2,"Baluchistan",5,"Quetta",25,"Pishin",NA,"","District","District","",""
26,171,"PAK","Pakistan",2,"Baluchistan",5,"Quetta",26,"Qilla Abdullah",NA,"","District","District","",""
27,171,"PAK","Pakistan",2,"Baluchistan",5,"Quetta",27,"Quetta",NA,"","District","District","",""
28,171,"PAK","Pakistan",2,"Baluchistan",6,"Sibi",28,"Dera Bugti",NA,"","District","District","",""
29,171,"PAK","Pakistan",2,"Baluchistan",6,"Sibi",29,"Kholu",NA,"","District","District","",""
30,171,"PAK","Pakistan",2,"Baluchistan",6,"Sibi",30,"Sibi",NA,"","District","District","",""
31,171,"PAK","Pakistan",2,"Baluchistan",6,"Sibi",31,"Ziarat",NA,"","District","District","",""
32,171,"PAK","Pakistan",2,"Baluchistan",7,"Zhob",32,"Barkhan",NA,"","District","District","",""
33,171,"PAK","Pakistan",2,"Baluchistan",7,"Zhob",33,"Loralai",NA,"","District","District","",""
34,171,"PAK","Pakistan",2,"Baluchistan",7,"Zhob",34,"Musakhel",NA,"","District","District","",""
35,171,"PAK","Pakistan",2,"Baluchistan",7,"Zhob",35,"Qilla Saifullah",NA,"","District","District","",""
36,171,"PAK","Pakistan",2,"Baluchistan",7,"Zhob",36,"Zhob",NA,"","District","District","",""
37,171,"PAK","Pakistan",3,"F.A.T.A.",8,"F.A.T.A.",37,"Bajaur",NA,"","District","District","",""
38,171,"PAK","Pakistan",3,"F.A.T.A.",8,"F.A.T.A.",38,"Khyber",NA,"","District","District","",""
39,171,"PAK","Pakistan",3,"F.A.T.A.",8,"F.A.T.A.",39,"Kurram",NA,"","District","District","",""
40,171,"PAK","Pakistan",3,"F.A.T.A.",8,"F.A.T.A.",40,"Largha Shirani",NA,"","District","District","",""
41,171,"PAK","Pakistan",3,"F.A.T.A.",8,"F.A.T.A.",41,"Mohmand",NA,"","District","District","",""
42,171,"PAK","Pakistan",3,"F.A.T.A.",8,"F.A.T.A.",42,"N. Waziristan",NA,"","District","District","","North Waziristan"
43,171,"PAK","Pakistan",3,"F.A.T.A.",8,"F.A.T.A.",43,"Orakzai",NA,"","District","District","",""
44,171,"PAK","Pakistan",3,"F.A.T.A.",8,"F.A.T.A.",44,"S. Waziristan",NA,"","District","District","","South Waziristan"
45,171,"PAK","Pakistan",4,"F.C.T.",9,"Islamabad",45,"Islamabad",NA,"","District","District","",""
46,171,"PAK","Pakistan",5,"N.W.F.P.",10,"Bannu",46,"Bannu",NA,"","District","District","",""
47,171,"PAK","Pakistan",5,"N.W.F.P.",10,"Bannu",47,"Lakki Marwat",NA,"","District","District","",""
48,171,"PAK","Pakistan",5,"N.W.F.P.",11,"Dera Ismail Khan",48,"Dera Ismail Khan",NA,"","District","District","","D.I.Khan"
49,171,"PAK","Pakistan",5,"N.W.F.P.",11,"Dera Ismail Khan",49,"Tank",NA,"","District","District","",""
50,171,"PAK","Pakistan",5,"N.W.F.P.",12,"F.A.T.A.",50,"Adam Khel",NA,"","District","District","",""
51,171,"PAK","Pakistan",5,"N.W.F.P.",12,"F.A.T.A.",51,"Bhittani",NA,"","District","District","",""
52,171,"PAK","Pakistan",5,"N.W.F.P.",13,"Hazara",52,"Abbottabad",NA,"","District","District","",""
53,171,"PAK","Pakistan",5,"N.W.F.P.",13,"Hazara",53,"Battagram",NA,"","District","District","","Batgram"
54,171,"PAK","Pakistan",5,"N.W.F.P.",13,"Hazara",54,"Haripur",NA,"","District","District","",""
55,171,"PAK","Pakistan",5,"N.W.F.P.",13,"Hazara",55,"Kohistan",NA,"","District","District","",""
56,171,"PAK","Pakistan",5,"N.W.F.P.",13,"Hazara",56,"Mansehra",NA,"","District","District","",""
57,171,"PAK","Pakistan",5,"N.W.F.P.",14,"Kohat",57,"Hangu",NA,"","District","District","",""
58,171,"PAK","Pakistan",5,"N.W.F.P.",14,"Kohat",58,"Karak",NA,"","District","District","",""
59,171,"PAK","Pakistan",5,"N.W.F.P.",14,"Kohat",59,"Kohat",NA,"","District","District","",""
60,171,"PAK","Pakistan",5,"N.W.F.P.",15,"Malakand",60,"Chitral",NA,"","District","District","",""
61,171,"PAK","Pakistan",5,"N.W.F.P.",15,"Malakand",61,"Dir",NA,"","District","District","",""
62,171,"PAK","Pakistan",5,"N.W.F.P.",15,"Malakand",62,"Malakand P.A.",NA,"","District","District","","Malakand"
63,171,"PAK","Pakistan",5,"N.W.F.P.",15,"Malakand",63,"Shangla",NA,"","District","District","",""
64,171,"PAK","Pakistan",5,"N.W.F.P.",15,"Malakand",64,"Swat",NA,"","District","District","",""
65,171,"PAK","Pakistan",5,"N.W.F.P.",16,"Mardan",65,"Buner",NA,"","District","District","",""
66,171,"PAK","Pakistan",5,"N.W.F.P.",16,"Mardan",66,"Mardan",NA,"","District","District","",""
67,171,"PAK","Pakistan",5,"N.W.F.P.",16,"Mardan",67,"Swabi",NA,"","District","District","",""
68,171,"PAK","Pakistan",5,"N.W.F.P.",17,"Peshawar",68,"Charsadda",NA,"","District","District","",""
69,171,"PAK","Pakistan",5,"N.W.F.P.",17,"Peshawar",69,"Nowshera",NA,"","District","District","",""
70,171,"PAK","Pakistan",5,"N.W.F.P.",17,"Peshawar",70,"Peshawar",NA,"","District","District","",""
71,171,"PAK","Pakistan",6,"Northern Areas",18,"Northern Areas",71,"Chilas",NA,"","District","District","",""
72,171,"PAK","Pakistan",6,"Northern Areas",18,"Northern Areas",72,"Gilgit (Tribal Territory)",NA,"","District","District","",""
73,171,"PAK","Pakistan",6,"Northern Areas",18,"Northern Areas",73,"Gilgit",NA,"","District","District","",""
74,171,"PAK","Pakistan",6,"Northern Areas",18,"Northern Areas",74,"Kargil",NA,"","District","District","",""
75,171,"PAK","Pakistan",6,"Northern Areas",18,"Northern Areas",75,"Kupwara (Gilgit Wazarat)",NA,"","District","District","",""
76,171,"PAK","Pakistan",6,"Northern Areas",18,"Northern Areas",76,"Ladakh (Leh)",NA,"","District","District","",""
77,171,"PAK","Pakistan",7,"Punjab",19,"Bahawalpur",77,"Bahawalnagar",NA,"","District","District","",""
78,171,"PAK","Pakistan",7,"Punjab",19,"Bahawalpur",78,"Bahawalpur",NA,"","District","District","","Bhawalpur"
79,171,"PAK","Pakistan",7,"Punjab",19,"Bahawalpur",79,"Rahimyar Khan",NA,"","District","District","","Rahim Yar Khan"
80,171,"PAK","Pakistan",7,"Punjab",20,"Dera Ghazi Khan",80,"Dera Ghazi Kha",NA,"","District","District","",""
81,171,"PAK","Pakistan",7,"Punjab",20,"Dera Ghazi Khan",81,"Layyah",NA,"","District","District","","Lieah"
82,171,"PAK","Pakistan",7,"Punjab",20,"Dera Ghazi Khan",82,"Muzaffargarh",NA,"","District","District","",""
83,171,"PAK","Pakistan",7,"Punjab",20,"Dera Ghazi Khan",83,"Rajan Pur",NA,"","District","District","","Rajanpur"
84,171,"PAK","Pakistan",7,"Punjab",21,"Faisalabad",84,"Faisalabad",NA,"","District","District","",""
85,171,"PAK","Pakistan",7,"Punjab",21,"Faisalabad",85,"Jhang",NA,"","District","District","",""
86,171,"PAK","Pakistan",7,"Punjab",21,"Faisalabad",86,"Toba Tek Singh",NA,"","District","District","",""
87,171,"PAK","Pakistan",7,"Punjab",22,"Gujranwala",87,"Gujarat",NA,"","District","District","",""
88,171,"PAK","Pakistan",7,"Punjab",22,"Gujranwala",88,"Gujranwala 1",NA,"","District","District","",""
89,171,"PAK","Pakistan",7,"Punjab",22,"Gujranwala",89,"Gujranwala 2",NA,"","District","District","",""
90,171,"PAK","Pakistan",7,"Punjab",22,"Gujranwala",90,"Gujrat",NA,"","District","District","","Gujarat"
91,171,"PAK","Pakistan",7,"Punjab",22,"Gujranwala",91,"Hafizabad",NA,"","District","District","",""
92,171,"PAK","Pakistan",7,"Punjab",22,"Gujranwala",92,"Narowal 1",NA,"","District","District","","Norowal"
93,171,"PAK","Pakistan",7,"Punjab",22,"Gujranwala",93,"Narowal 2",NA,"","District","District","","Norowal"
94,171,"PAK","Pakistan",7,"Punjab",22,"Gujranwala",94,"Sialkot",NA,"","District","District","",""
95,171,"PAK","Pakistan",7,"Punjab",23,"Lahore",95,"Kasur",NA,"","District","District","",""
96,171,"PAK","Pakistan",7,"Punjab",23,"Lahore",96,"Lahore",NA,"","District","District","",""
97,171,"PAK","Pakistan",7,"Punjab",23,"Lahore",97,"Nankana Sahib",NA,"","District","District","",""
98,171,"PAK","Pakistan",7,"Punjab",23,"Lahore",98,"Okara 1",NA,"","District","District","",""
99,171,"PAK","Pakistan",7,"Punjab",23,"Lahore",99,"Okara",NA,"","District","District","",""
100,171,"PAK","Pakistan",7,"Punjab",23,"Lahore",100,"Sheikhupura",NA,"","District","District","",""
101,171,"PAK","Pakistan",7,"Punjab",24,"Multan",101,"Khanewal",NA,"","District","District","",""
102,171,"PAK","Pakistan",7,"Punjab",24,"Multan",102,"Lodhran",NA,"","District","District","",""
103,171,"PAK","Pakistan",7,"Punjab",24,"Multan",103,"Multan",NA,"","District","District","",""
104,171,"PAK","Pakistan",7,"Punjab",24,"Multan",104,"Pakpattan",NA,"","District","District","",""
105,171,"PAK","Pakistan",7,"Punjab",24,"Multan",105,"Sahiwal",NA,"","District","District","",""
106,171,"PAK","Pakistan",7,"Punjab",24,"Multan",106,"Vehari",NA,"","District","District","",""
107,171,"PAK","Pakistan",7,"Punjab",25,"Rawalpindi",107,"Attok",NA,"","District","District","","Attock"
108,171,"PAK","Pakistan",7,"Punjab",25,"Rawalpindi",108,"Chakwal",NA,"","District","District","",""
109,171,"PAK","Pakistan",7,"Punjab",25,"Rawalpindi",109,"Jhelum",NA,"","District","District","",""
110,171,"PAK","Pakistan",7,"Punjab",25,"Rawalpindi",110,"Rawalpindi",NA,"","District","District","",""
111,171,"PAK","Pakistan",7,"Punjab",26,"Sargodha",111,"Bhakkar",NA,"","District","District","",""
112,171,"PAK","Pakistan",7,"Punjab",26,"Sargodha",112,"Khushab",NA,"","District","District","",""
113,171,"PAK","Pakistan",7,"Punjab",26,"Sargodha",113,"Mianwali",NA,"","District","District","",""
114,171,"PAK","Pakistan",7,"Punjab",26,"Sargodha",114,"Sargodha",NA,"","District","District","",""
115,171,"PAK","Pakistan",8,"Sind",27,"Hyderabad",115,"Badin",NA,"","District","District","",""
116,171,"PAK","Pakistan",8,"Sind",27,"Hyderabad",116,"Dadu",NA,"","District","District","",""
117,171,"PAK","Pakistan",8,"Sind",27,"Hyderabad",117,"Hyderabad",NA,"","District","District","",""
118,171,"PAK","Pakistan",8,"Sind",27,"Hyderabad",118,"Jamshoro",NA,"","District","District","",""
119,171,"PAK","Pakistan",8,"Sind",27,"Hyderabad",119,"Matiari",NA,"","District","District","",""
120,171,"PAK","Pakistan",8,"Sind",27,"Hyderabad",120,"Tando Allahyar",NA,"","District","District","",""
121,171,"PAK","Pakistan",8,"Sind",27,"Hyderabad",121,"Tando M. Khan",NA,"","District","District","",""
122,171,"PAK","Pakistan",8,"Sind",27,"Hyderabad",122,"Thatta",NA,"","District","District","",""
123,171,"PAK","Pakistan",8,"Sind",28,"Karachi",123,"Karachi Central",NA,"","District","District","",""
124,171,"PAK","Pakistan",8,"Sind",28,"Karachi",124,"Karachi East",NA,"","District","District","",""
125,171,"PAK","Pakistan",8,"Sind",28,"Karachi",125,"Karachi South",NA,"","District","District","",""
126,171,"PAK","Pakistan",8,"Sind",28,"Karachi",126,"Karachi west",NA,"","District","District","",""
127,171,"PAK","Pakistan",8,"Sind",28,"Karachi",127,"Malir",NA,"","District","District","",""
128,171,"PAK","Pakistan",8,"Sind",29,"Larkana",128,"Jakobabad",NA,"","District","District","",""
129,171,"PAK","Pakistan",8,"Sind",29,"Larkana",129,"Kashmore",NA,"","District","District","",""
130,171,"PAK","Pakistan",8,"Sind",29,"Larkana",130,"Larkana",NA,"","District","District","",""
131,171,"PAK","Pakistan",8,"Sind",29,"Larkana",131,"Shikarpur",NA,"","District","District","",""
132,171,"PAK","Pakistan",8,"Sind",30,"Mirpur Khas",132,"Mirphurkhas",NA,"","District","District","",""
133,171,"PAK","Pakistan",8,"Sind",30,"Mirpur Khas",133,"Mithi",NA,"","District","District","",""
134,171,"PAK","Pakistan",8,"Sind",30,"Mirpur Khas",134,"Sanghar",NA,"","District","District","",""
135,171,"PAK","Pakistan",8,"Sind",30,"Mirpur Khas",135,"Umerkot",NA,"","District","District","","Umarkot"
136,171,"PAK","Pakistan",8,"Sind",31,"Rann of Kutch",136,"Rann of Kutch",NA,"","District","District","",""
137,171,"PAK","Pakistan",8,"Sind",32,"Sukkur",137,"Ghotki",NA,"","District","District","",""
138,171,"PAK","Pakistan",8,"Sind",32,"Sukkur",138,"Khairpur",NA,"","District","District","",""
139,171,"PAK","Pakistan",8,"Sind",32,"Sukkur",139,"Naushahro Firoz",NA,"","District","District","",""
140,171,"PAK","Pakistan",8,"Sind",32,"Sukkur",140,"Nawab Shah",NA,"","District","District","","Nawabshah"
141,171,"PAK","Pakistan",8,"Sind",32,"Sukkur",141,"Sukkur",NA,"","District","District","",""
