"OBJECTID","ID_0","ISO","NAME_0","ID_1","NAME_1","ID_2","NAME_2","HASC_2","CCN_2","CCA_2","TYPE_2","ENGTYPE_2","NL_NAME_2","VARNAME_2"
1,27,"BTN","Bhutan",1,"Bumthang",1,"Chhoekhor","BT.BU.CK",NA,"","Gewog","Village block","","Chhoekor"
2,27,"BTN","Bhutan",1,"Bumthang",2,"Chhume","BT.BU.CU",NA,"","Gewog","Village block","","Chumey"
3,27,"BTN","Bhutan",1,"Bumthang",3,"Tang","BT.BU.TA",NA,"","Gewog","Village block",""," "
4,27,"BTN","Bhutan",1,"Bumthang",4,"Ura","BT.BU.UR",NA,"","Gewog","Village block",""," "
5,27,"BTN","Bhutan",2,"Chhukha",5,"Bjachho","BT.CK.BC",NA,"","Gewog","Village block",""," "
6,27,"BTN","Bhutan",2,"Chhukha",6,"Bongo","BT.CK.BO",NA,"","Gewog","Village block",""," "
7,27,"BTN","Bhutan",2,"Chhukha",7,"Chapchha","BT.CK.CP",NA,"","Gewog","Village block","","Chapcha"
8,27,"BTN","Bhutan",2,"Chhukha",8,"Dala","BT.CK.DG",NA,"","Gewog","Village block",""," "
9,27,"BTN","Bhutan",2,"Chhukha",9,"Dungna","BT.CK.DU",NA,"","Gewog","Village block",""," "
10,27,"BTN","Bhutan",2,"Chhukha",10,"Geling","BT.CK.GL",NA,"","Gewog","Village block",""," "
11,27,"BTN","Bhutan",2,"Chhukha",11,"Getana","BT.CK.GT",NA,"","Gewog","Village block","","Getena"
12,27,"BTN","Bhutan",2,"Chhukha",12,"Logchina","BT.CK.LO",NA,"","Gewog","Village block",""," "
13,27,"BTN","Bhutan",2,"Chhukha",13,"Metap","BT.CK.MT",NA,"","Gewog","Village block","","Metakha"
14,27,"BTN","Bhutan",2,"Chhukha",14,"Phuentsholing","BT.CK.PG",NA,"","Gewog","Village block",""," "
15,27,"BTN","Bhutan",2,"Chhukha",15,"Samphelling","BT.CK.BL",NA,"","Gewog","Village block","","Bhalujhora"
16,27,"BTN","Bhutan",3,"Dagana",16,"Deorali","BT.GE.DR",NA,"","Gewog","Village block",""," "
17,27,"BTN","Bhutan",3,"Dagana",17,"Dorona","BT.DA.DO",NA,"","Gewog","Village block",""," "
18,27,"BTN","Bhutan",3,"Dagana",18,"Drugyelgang","BT.DA.DJ",NA,"","Gewog","Village block","","Drujegang"
19,27,"BTN","Bhutan",3,"Dagana",19,"Gesarling","BT.DA.GS",NA,"","Gewog","Village block",""," "
20,27,"BTN","Bhutan",3,"Dagana",20,"Gozhi","BT.DA.GZ",NA,"","Gewog","Village block",""," "
21,27,"BTN","Bhutan",3,"Dagana",21,"Kalidzingkha","BT.DA.KN",NA,"","Gewog","Village block","","Kana"
22,27,"BTN","Bhutan",3,"Dagana",22,"Khipisa","BT.DA.KB",NA,"","Gewog","Village block","","Khebisa
"
23,27,"BTN","Bhutan",3,"Dagana",23,"Lajab","BT.DA.LJ",NA,"","Gewog","Village block",""," "
24,27,"BTN","Bhutan",3,"Dagana",24,"Lhamoizingkha","BT.GE.LG",NA,"","Gewog","Village block",""," "
25,27,"BTN","Bhutan",3,"Dagana",25,"Nichula","BT.GE.NI",NA,"","Gewog","Village block",""," "
26,27,"BTN","Bhutan",3,"Dagana",26,"Trashiding","BT.DA.TD
",NA,"","Gewog","Village block","","Tashiding"
27,27,"BTN","Bhutan",3,"Dagana",27,"Tsangkha","BT.DA.TK",NA,"","Gewog","Village block",""," "
28,27,"BTN","Bhutan",3,"Dagana",28,"Tsendagang","BT.DA.TG",NA,"","Gewog","Village block",""," "
29,27,"BTN","Bhutan",3,"Dagana",29,"Tseza","BT.DA.TZ",NA,"","Gewog","Village block","","Tsheza"
30,27,"BTN","Bhutan",4,"Gasa",30,"Goenkhame","BT.GA.KM",NA,"","Gewog","Village block","","Khamey"
31,27,"BTN","Bhutan",4,"Gasa",31,"Goenkhatoe","BT.GA.KT",NA,"","Gewog","Village block","","Khatoe"
32,27,"BTN","Bhutan",4,"Gasa",32,"Laya","BT.GA.LY",NA,"","Gewog","Village block",""," "
33,27,"BTN","Bhutan",4,"Gasa",33,"Lunana","BT.GA.LN",NA,"","Gewog","Village block",""," "
34,27,"BTN","Bhutan",5,"Haa",34,"Bji","BT.HA.BJ",NA,"","Gewog","Village block","","Bjee"
35,27,"BTN","Bhutan",5,"Haa",35,"Gakiling"," ",NA,"","Gewog","Village block",""," "
36,27,"BTN","Bhutan",5,"Haa",36,"Katsho","BT.HA.KS",NA,"","Gewog","Village block",""," "
37,27,"BTN","Bhutan",5,"Haa",37,"Sama","BT.HA.SR",NA,"","Gewog","Village block","","Samar"
38,27,"BTN","Bhutan",5,"Haa",38,"Sombey","BT.HA.SB",NA,"","Gewog","Village block","","Sombaykha"
39,27,"BTN","Bhutan",5,"Haa",39,"Uesu","BT.HA.EU",NA,"","Gewog","Village block","","Eusu"
40,27,"BTN","Bhutan",6,"Lhuentse",40,"Gangzur","BT.LH.GZ",NA,"","Gewog","Village block",""," "
41,27,"BTN","Bhutan",6,"Lhuentse",41,"Jaray","BT.LH.JR",NA,"","Gewog","Village block","","Jarey"
42,27,"BTN","Bhutan",6,"Lhuentse",42,"Khoma","BT.LH.KM",NA,"","Gewog","Village block",""," "
43,27,"BTN","Bhutan",6,"Lhuentse",43,"Kurtoe","BT.LH.KT",NA,"","Gewog","Village block",""," "
44,27,"BTN","Bhutan",6,"Lhuentse",44,"Menbi","BT.LH.MB",NA,"","Gewog","Village block",""," "
45,27,"BTN","Bhutan",6,"Lhuentse",45,"Metsho","BT.LH.MT",NA,"","Gewog","Village block",""," "
46,27,"BTN","Bhutan",6,"Lhuentse",46,"Minjay","BT.LH.MJ",NA,"","Gewog","Village block","","Menji"
47,27,"BTN","Bhutan",6,"Lhuentse",47,"Tsenkhar","BT.LH.TS",NA,"","Gewog","Village block","","Tsengkhar"
48,27,"BTN","Bhutan",7,"Monggar",48,"Balam","BT.MO.BL",NA,"","Gewog","Village block",""," "
49,27,"BTN","Bhutan",7,"Monggar",49,"Chaskhar","BT.MO.CK",NA,"","Gewog","Village block",""," "
50,27,"BTN","Bhutan",7,"Monggar",50,"Chhali","BT.MO.CL",NA,"","Gewog","Village block","","Chali
"
51,27,"BTN","Bhutan",7,"Monggar",51,"Drametse","BT.MO.DG",NA,"","Gewog","Village block","","Dramitse"
52,27,"BTN","Bhutan",7,"Monggar",52,"Drepung","BT.MO.DP",NA,"","Gewog","Village block","","Drepong"
53,27,"BTN","Bhutan",7,"Monggar",53,"Gongdue","BT.MO.GD",NA,"","Gewog","Village block",""," "
54,27,"BTN","Bhutan",7,"Monggar",54,"Jurmey","BT.MO.JM",NA,"","Gewog","Village block",""," "
55,27,"BTN","Bhutan",7,"Monggar",55,"Kengkhar","BT.MO.KK",NA,"","Gewog","Village block","","Khengkhar"
56,27,"BTN","Bhutan",7,"Monggar",56,"Mongar","BT.MO.MG",NA,"","Gewog","Village block","","Monggar"
57,27,"BTN","Bhutan",7,"Monggar",57,"Narang","BT.MO.CK",NA,"","Gewog","Village block","","Chaskhar"
58,27,"BTN","Bhutan",7,"Monggar",58,"Ngatshang","BT.MO.NG",NA,"","Gewog","Village block",""," "
59,27,"BTN","Bhutan",7,"Monggar",59,"Saleng","BT.MO.SL",NA,"","Gewog","Village block","","Saling
"
60,27,"BTN","Bhutan",7,"Monggar",60,"Shermung","BT.MO.SR",NA,"","Gewog","Village block","","Sherimung"
61,27,"BTN","Bhutan",7,"Monggar",61,"Silambi","BT.MO.SB",NA,"","Gewog","Village block",""," "
62,27,"BTN","Bhutan",7,"Monggar",62,"Thangrong","BT.MO.TR",NA,"","Gewog","Village block",""," "
63,27,"BTN","Bhutan",7,"Monggar",63,"Tsakaling","BT.MO.TK",NA,"","Gewog","Village block",""," "
64,27,"BTN","Bhutan",7,"Monggar",64,"Tsamang","BT.MO.TM",NA,"","Gewog","Village block",""," "
65,27,"BTN","Bhutan",8,"Paro",65,"Doga","BT.PR.DG",NA,"","Gewog","Village block","","Dogar"
66,27,"BTN","Bhutan",8,"Paro",66,"Dopshari","BT.PR.SR",NA,"","Gewog","Village block","","Shari"
67,27,"BTN","Bhutan",8,"Paro",67,"Doteng","BT.PR.DT",NA,"","Gewog","Village block",""," "
68,27,"BTN","Bhutan",8,"Paro",68,"Hungrel","BT.PR.HR",NA,"","Gewog","Village block",""," "
69,27,"BTN","Bhutan",8,"Paro",69,"Lamgong","BT.PR.LA",NA,"","Gewog","Village block","","Lango"
70,27,"BTN","Bhutan",8,"Paro",70,"Lungnyi","BT.PR.LU",NA,"","Gewog","Village block","","Lungney"
71,27,"BTN","Bhutan",8,"Paro",71,"Naja","BT.PR.NJ",NA,"","Gewog","Village block",""," "
72,27,"BTN","Bhutan",8,"Paro",72,"Shapa","BT.PR.SB",NA,"","Gewog","Village block","","Shaba"
73,27,"BTN","Bhutan",8,"Paro",73,"Tsento","BT.PR.TT",NA,"","Gewog","Village block",""," "
74,27,"BTN","Bhutan",8,"Paro",74,"Wangchang","BT.PR.WC",NA,"","Gewog","Village block",""," "
75,27,"BTN","Bhutan",9,"Pemagatshel",75,"Chhimung","BT.PM.CM",NA,"","Gewog","Village block","","Chimong"
76,27,"BTN","Bhutan",9,"Pemagatshel",76,"Chokhorling","BT.PM.CS",NA,"","Gewog","Village block","","Chongshing"
77,27,"BTN","Bhutan",9,"Pemagatshel",77,"Chongshing","BT.PM.CS",NA,"","Gewog","Village block",""," "
78,27,"BTN","Bhutan",9,"Pemagatshel",78,"Dechhenling","BT.SJ.DH",NA,"","Gewog","Village block","","Dechheling"
79,27,"BTN","Bhutan",9,"Pemagatshel",79,"Dungmin","BT.PM.DM",NA,"","Gewog","Village block",""," "
80,27,"BTN","Bhutan",9,"Pemagatshel",80,"Khar","BT.PM.KR",NA,"","Gewog","Village block",""," "
81,27,"BTN","Bhutan",9,"Pemagatshel",81,"Nanong","BT.TA.NN",NA,"","Gewog","Village block",""," "
82,27,"BTN","Bhutan",9,"Pemagatshel",82,"Norbugang","BT.SJ.NB",NA,"","Gewog","Village block",""," "
83,27,"BTN","Bhutan",9,"Pemagatshel",83,"Shumer","BT.PM.SM",NA,"","Gewog","Village block","","Shumar"
84,27,"BTN","Bhutan",9,"Pemagatshel",84,"Yurung","BT.PM.YR",NA,"","Gewog","Village block",""," "
85,27,"BTN","Bhutan",9,"Pemagatshel",85,"Zobel","BT.PM.ZB",NA,"","Gewog","Village block",""," "
86,27,"BTN","Bhutan",10,"Punakha",86,"Bapisa","BT.TM.BP",NA,"","Gewog","Village block","","BT.TM.BP"
87,27,"BTN","Bhutan",10,"Punakha",87,"Chhubu","BT.PN.CH",NA,"","Gewog","Village block","","Chuba"
88,27,"BTN","Bhutan",10,"Punakha",88,"Dzoma","BT.PN.DZ",NA,"","Gewog","Village block","","Dzomi"
89,27,"BTN","Bhutan",10,"Punakha",89,"Goenshari","BT.PN.GE",NA,"","Gewog","Village block","","Geonshari"
90,27,"BTN","Bhutan",10,"Punakha",90,"Guma","BT.PN.GU",NA,"","Gewog","Village block",""," "
91,27,"BTN","Bhutan",10,"Punakha",91,"Kabjisa","BT.PN.KA",NA,"","Gewog","Village block","","Kabji"
92,27,"BTN","Bhutan",10,"Punakha",92,"Lingmukha","BT.PN.LI",NA,"","Gewog","Village block","","Limbu"
93,27,"BTN","Bhutan",10,"Punakha",93,"Shengabjimi","BT.PN.SH",NA,"","Gewog","Village block","","Shenga Bjemi"
94,27,"BTN","Bhutan",10,"Punakha",94,"Talo","BT.PN.TA",NA,"","Gewog","Village block",""," "
95,27,"BTN","Bhutan",10,"Punakha",95,"Toepisa","BT.TM.TP",NA,"","Gewog","Village block","","Toep"
96,27,"BTN","Bhutan",10,"Punakha",96,"Toewang","BT.PN.TO",NA,"","Gewog","Village block",""," "
97,27,"BTN","Bhutan",11,"Samdrupjongkhar",97,"Dewathang"," ",NA,"","Gewog","Village block",""," "
98,27,"BTN","Bhutan",11,"Samdrupjongkhar",98,"Gomdar","BT.SJ.GD",NA,"","Gewog","Village block","","Gomdhar"
99,27,"BTN","Bhutan",11,"Samdrupjongkhar",99,"Jangchhubling"," ",NA,"","Gewog","Village block",""," "
100,27,"BTN","Bhutan",11,"Samdrupjongkhar",100,"Langchhenphu","BT.SJ.LC",NA,"","Gewog","Village block","","Langchenphu"
101,27,"BTN","Bhutan",11,"Samdrupjongkhar",101,"Lauri","BT.SJ.LR",NA,"","Gewog","Village block",""," "
102,27,"BTN","Bhutan",11,"Samdrupjongkhar",102,"Martshala","BT.SJ.MS",NA,"","Gewog","Village block",""," "
103,27,"BTN","Bhutan",11,"Samdrupjongkhar",103,"Pemathang","BT.SJ.PM",NA,"","Gewog","Village block",""," "
104,27,"BTN","Bhutan",11,"Samdrupjongkhar",104,"Phuntsthothang","BT.SJ.PS",NA,"","Gewog","Village block","","Phuentshothang"
105,27,"BTN","Bhutan",11,"Samdrupjongkhar",105,"Samrang","BT.SJ.SM",NA,"","Gewog","Village block",""," "
106,27,"BTN","Bhutan",11,"Samdrupjongkhar",106,"Serthig","BT.SJ.ST",NA,"","Gewog","Village block","","Serthi"
107,27,"BTN","Bhutan",11,"Samdrupjongkhar",107,"Wangphu"," ",NA,"","Gewog","Village block",""," "
108,27,"BTN","Bhutan",12,"Samtse",108,"Bara","BT.SM.BA",NA,"","Gewog","Village block",""," "
109,27,"BTN","Bhutan",12,"Samtse",109,"Biru","BT.SM.BI",NA,"","Gewog","Village block",""," "
110,27,"BTN","Bhutan",12,"Samtse",110,"Chargharay","BT.SM.CR",NA,"","Gewog","Village block","","Charghary"
111,27,"BTN","Bhutan",12,"Samtse",111,"Chengmari","BT.SM.CM",NA,"","Gewog","Village block",""," "
112,27,"BTN","Bhutan",12,"Samtse",112,"Denchhukha","BT.SM.DC",NA,"","Gewog","Village block","","Denchukha"
113,27,"BTN","Bhutan",12,"Samtse",113,"Dorokha","BT.SM.DK",NA,"","Gewog","Village block",""," "
114,27,"BTN","Bhutan",12,"Samtse",114,"Dungtoe","BT.SM.DT",NA,"","Gewog","Village block","","Dumtoe"
115,27,"BTN","Bhutan",12,"Samtse",115,"Namgyel Chhoeling","BT.SM.LH",NA,"","Gewog","Village block","","Lahereni"
116,27,"BTN","Bhutan",12,"Samtse",116,"Pagli","BT.SM.PG",NA,"","Gewog","Village block","","Pugli"
117,27,"BTN","Bhutan",12,"Samtse",117,"Samtse","BT.SM.SG",NA,"","Gewog","Village block",""," "
118,27,"BTN","Bhutan",12,"Samtse",118,"Sipsu","BT.SM.SS",NA,"","Gewog","Village block",""," "
119,27,"BTN","Bhutan",12,"Samtse",119,"Tading","BT.SM.TD",NA,"","Gewog","Village block",""," "
120,27,"BTN","Bhutan",12,"Samtse",120,"Tendu","BT.SM.TN",NA,"","Gewog","Village block",""," "
121,27,"BTN","Bhutan",12,"Samtse",121,"Ugentse","BT.SM.GH",NA,"","Gewog","Village block","","Ghumaunay"
122,27,"BTN","Bhutan",12,"Samtse",122,"Yoeseltse","BT.SM.NN",NA,"","Gewog","Village block","","Nainital"
123,27,"BTN","Bhutan",13,"Sarpang",123,"Bhur","BT.GE.BH",NA,"","Gewog","Village block",""," "
124,27,"BTN","Bhutan",13,"Sarpang",124,"Chhuzagang","BT.GE.CZ",NA,"","Gewog","Village block","","Chuzargang"
125,27,"BTN","Bhutan",13,"Sarpang",125,"Dekiling","BT.GE.DK",NA,"","Gewog","Village block",""," "
126,27,"BTN","Bhutan",13,"Sarpang",126,"Doban","BT.GE.DV",NA,"","Gewog","Village block","","Dovan"
127,27,"BTN","Bhutan",13,"Sarpang",127,"Gelephu","BT.GE.GG",NA,"","Gewog","Village block",""," "
128,27,"BTN","Bhutan",13,"Sarpang",128,"Hiley","BT.GE.HL",NA,"","Gewog","Village block","","Hilley"
129,27,"BTN","Bhutan",13,"Sarpang",129,"Jigmichhoeling","BT.GE.JM
",NA,"","Gewog","Village block","","Jigmechoeling"
130,27,"BTN","Bhutan",13,"Sarpang",130,"Senge","BT.GE.SN",NA,"","Gewog","Village block","","Singhi"
131,27,"BTN","Bhutan",13,"Sarpang",131,"Sherzhong","BT.GE.SS",NA,"","Gewog","Village block","","Sershong"
132,27,"BTN","Bhutan",13,"Sarpang",132,"Shompangkha","BT.GE.SM",NA,"","Gewog","Village block",""," "
133,27,"BTN","Bhutan",13,"Sarpang",133,"Taklai","BT.GE.TK",NA,"","Gewog","Village block",""," "
134,27,"BTN","Bhutan",13,"Sarpang",134,"Umling","BT.GE.UM",NA,"","Gewog","Village block",""," "
135,27,"BTN","Bhutan",14,"Thimphu",135,"Chang","BT.TM.CH",NA,"","Gewog","Village block",""," "
136,27,"BTN","Bhutan",14,"Thimphu",136,"Dagala","BT.TM.DG",NA,"","Gewog","Village block",""," "
137,27,"BTN","Bhutan",14,"Thimphu",137,"Genye","BT.TM.GN",NA,"","Gewog","Village block","","Geney"
138,27,"BTN","Bhutan",14,"Thimphu",138,"Kawang","BT.TM.KW",NA,"","Gewog","Village block",""," "
139,27,"BTN","Bhutan",14,"Thimphu",139,"Lingzhi","BT.TM.LZ",NA,"","Gewog","Village block",""," "
140,27,"BTN","Bhutan",14,"Thimphu",140,"Mewang","BT.TM.MW",NA,"","Gewog","Village block",""," "
141,27,"BTN","Bhutan",14,"Thimphu",141,"Naro","BT.TM.NR",NA,"","Gewog","Village block",""," "
142,27,"BTN","Bhutan",14,"Thimphu",142,"Soe","BT.TM.SO",NA,"","Gewog","Village block",""," "
143,27,"BTN","Bhutan",15,"Trashigang",143,"Bartsham","BT.TA.BS",NA,"","Gewog","Village block","","Bartsam"
144,27,"BTN","Bhutan",15,"Trashigang",144,"Bidung","BT.TA.BD",NA,"","Gewog","Village block",""," "
145,27,"BTN","Bhutan",15,"Trashigang",145,"Kanglung","BT.TA.KG",NA,"","Gewog","Village block",""," "
146,27,"BTN","Bhutan",15,"Trashigang",146,"Kangpara","BT.TA.KP",NA,"","Gewog","Village block",""," "
147,27,"BTN","Bhutan",15,"Trashigang",147,"Khaling","BT.TA.KH",NA,"","Gewog","Village block",""," "
148,27,"BTN","Bhutan",15,"Trashigang",148,"Lumang","BT.TA.LM",NA,"","Gewog","Village block",""," "
149,27,"BTN","Bhutan",15,"Trashigang",149,"Merak","BT.TA.MR",NA,"","Gewog","Village block",""," "
150,27,"BTN","Bhutan",15,"Trashigang",150,"Phongme","BT.TA.PM",NA,"","Gewog","Village block","","Phongmey"
151,27,"BTN","Bhutan",15,"Trashigang",151,"Radi","BT.TA.RD",NA,"","Gewog","Village block","","Radhi"
152,27,"BTN","Bhutan",15,"Trashigang",152,"Sakteng","BT.TA.SK",NA,"","Gewog","Village block",""," "
153,27,"BTN","Bhutan",15,"Trashigang",153,"Samkhar","BT.TA.SM",NA,"","Gewog","Village block",""," "
154,27,"BTN","Bhutan",15,"Trashigang",154,"Shongphu","BT.TA.SP",NA,"","Gewog","Village block",""," "
155,27,"BTN","Bhutan",15,"Trashigang",155,"Thrimshing","BT.TA.TM",NA,"","Gewog","Village block",""," "
156,27,"BTN","Bhutan",15,"Trashigang",156,"Udzorong","BT.TA.UZ",NA,"","Gewog","Village block","","Uzorong"
157,27,"BTN","Bhutan",15,"Trashigang",157,"Yangnyer","BT.TA.YN",NA,"","Gewog","Village block",""," "
158,27,"BTN","Bhutan",16,"Trongsa",158,"Dragteng","BT.TO.DT",NA,"","Gewog","Village block","","Drakteng"
159,27,"BTN","Bhutan",16,"Trongsa",159,"Korphu","BT.TO.KP",NA,"","Gewog","Village block",""," "
160,27,"BTN","Bhutan",16,"Trongsa",160,"Langthil","BT.TO.LT",NA,"","Gewog","Village block","","Langthel"
161,27,"BTN","Bhutan",16,"Trongsa",161,"Nubi","BT.TO.NB",NA,"","Gewog","Village block",""," "
162,27,"BTN","Bhutan",16,"Trongsa",162,"Tangsibji","BT.TO.TJ",NA,"","Gewog","Village block",""," "
163,27,"BTN","Bhutan",17,"Tsirang",163,"Barzhong","BT.CR.BR",NA,"","Gewog","Village block","","Barshong"
164,27,"BTN","Bhutan",17,"Tsirang",164,"Beteni","BT.CR.BT",NA,"","Gewog","Village block",""," "
165,27,"BTN","Bhutan",17,"Tsirang",165,"Dunglegang","BT.CR.DG",NA,"","Gewog","Village block","","Dunglagang"
166,27,"BTN","Bhutan",17,"Tsirang",166,"Gosarling","BT.CR.GS",NA,"","Gewog","Village block",""," "
167,27,"BTN","Bhutan",17,"Tsirang",167,"Kikorthang","BT.CR.KK",NA,"","Gewog","Village block","","Kikhorthang"
168,27,"BTN","Bhutan",17,"Tsirang",168,"Mendrelgang","BT.CR.MG",NA,"","Gewog","Village block",""," "
169,27,"BTN","Bhutan",17,"Tsirang",169,"Patakla","BT.CR.PT",NA,"","Gewog","Village block","","Patala"
170,27,"BTN","Bhutan",17,"Tsirang",170,"Phuentenchhu","BT.CR.PH",NA,"","Gewog","Village block","","Phuntenchu"
171,27,"BTN","Bhutan",17,"Tsirang",171,"Rangthangling","BT.CR.RT",NA,"","Gewog","Village block",""," "
172,27,"BTN","Bhutan",17,"Tsirang",172,"Shemjong","BT.CR.SJ",NA,"","Gewog","Village block","","Semjong"
173,27,"BTN","Bhutan",17,"Tsirang",173,"Tsholingkhor","BT.CR.TL",NA,"","Gewog","Village block","","Tsholingkhar"
174,27,"BTN","Bhutan",17,"Tsirang",174,"Tsirangtoe","BT.CR.TR",NA,"","Gewog","Village block",""," "
175,27,"BTN","Bhutan",18,"Wangduephodrang",175,"Athang","BT.WP.AT",NA,"","Gewog","Village block",""," "
176,27,"BTN","Bhutan",18,"Wangduephodrang",176,"Bjena","BT.WP.BJ",NA,"","Gewog","Village block",""," "
177,27,"BTN","Bhutan",18,"Wangduephodrang",177,"Daga","BT.WP.DG",NA,"","Gewog","Village block",""," "
178,27,"BTN","Bhutan",18,"Wangduephodrang",178,"Dangchhu","BT.WP.DC",NA,"","Gewog","Village block","","Dangchu"
179,27,"BTN","Bhutan",18,"Wangduephodrang",179,"Gangte","BT.WP.GT",NA,"","Gewog","Village block","","Gangtey"
180,27,"BTN","Bhutan",18,"Wangduephodrang",180,"Gasetsho Gom","BT.WP.GG",NA,"","Gewog","Village block",""," "
181,27,"BTN","Bhutan",18,"Wangduephodrang",181,"Gasetsho Om","BT.WP.GW",NA,"","Gewog","Village block","","Gasetsho Wom"
182,27,"BTN","Bhutan",18,"Wangduephodrang",182,"Kazhi","BT.WP.KZ",NA,"","Gewog","Village block",""," "
183,27,"BTN","Bhutan",18,"Wangduephodrang",183,"Nahi","BT.WP.NH",NA,"","Gewog","Village block",""," "
184,27,"BTN","Bhutan",18,"Wangduephodrang",184,"Nyisho","BT.WP.NS",NA,"","Gewog","Village block","","Nysho"
185,27,"BTN","Bhutan",18,"Wangduephodrang",185,"Phangyuel","BT.WP.PY",NA,"","Gewog","Village block","","Phangyul"
186,27,"BTN","Bhutan",18,"Wangduephodrang",186,"Phobji","BT.WP.PJ",NA,"","Gewog","Village block",""," "
187,27,"BTN","Bhutan",18,"Wangduephodrang",187,"Ruepisa","BT.WP.RB",NA,"","Gewog","Village block","","Ruebisa"
188,27,"BTN","Bhutan",18,"Wangduephodrang",188,"Sephu","BT.WP.SP",NA,"","Gewog","Village block",""," "
189,27,"BTN","Bhutan",18,"Wangduephodrang",189,"Thedtsho","BT.WP.TD",NA,"","Gewog","Village block",""," "
190,27,"BTN","Bhutan",19,"Yangtse",190,"Bumdeling","BT.TY.BD",NA,"","Gewog","Village block",""," "
191,27,"BTN","Bhutan",19,"Yangtse",191,"Jamkhar","BT.TY.JK",NA,"","Gewog","Village block",""," "
192,27,"BTN","Bhutan",19,"Yangtse",192,"Khamdang","BT.TY.KD",NA,"","Gewog","Village block",""," "
193,27,"BTN","Bhutan",19,"Yangtse",193,"Ramjar","BT.TY.RJ",NA,"","Gewog","Village block",""," "
194,27,"BTN","Bhutan",19,"Yangtse",194,"Toetsho","BT.TY.TS",NA,"","Gewog","Village block","","Thetsho"
195,27,"BTN","Bhutan",19,"Yangtse",195,"Tomzhangtshen","BT.TY.TZ",NA,"","Gewog","Village block","","Tongzhang"
196,27,"BTN","Bhutan",19,"Yangtse",196,"Trashiyangtse","BT.TY.YG",NA,"","Gewog","Village block","","Yangtse"
197,27,"BTN","Bhutan",19,"Yangtse",197,"Yalang","BT.TY.YL",NA,"","Gewog","Village block",""," "
198,27,"BTN","Bhutan",20,"Zhemgang",198,"Bardo","BT.SG.BD",NA,"","Gewog","Village block",""," "
199,27,"BTN","Bhutan",20,"Zhemgang",199,"Bjoka","BT.SG.BJ",NA,"","Gewog","Village block",""," "
200,27,"BTN","Bhutan",20,"Zhemgang",200,"Gozhing","BT.SG.GS",NA,"","Gewog","Village block","","Goshing"
201,27,"BTN","Bhutan",20,"Zhemgang",201,"Nangkor","BT.SG.NK",NA,"","Gewog","Village block",""," "
202,27,"BTN","Bhutan",20,"Zhemgang",202,"Ngangla","BT.SG.NG",NA,"","Gewog","Village block",""," "
203,27,"BTN","Bhutan",20,"Zhemgang",203,"Pangkhar","BT.SG.PK",NA,"","Gewog","Village block","","Phangkhar"
204,27,"BTN","Bhutan",20,"Zhemgang",204,"Shingkhar","BT.SG.SK",NA,"","Gewog","Village block",""," "
205,27,"BTN","Bhutan",20,"Zhemgang",205,"Trong","BT.SG.TR",NA,"","Gewog","Village block",""," "
